,contact_id,name,email,first_name,last_name
0,4661,Cecilia Velasco,cecilia.velasco@rodrigues.fr,Cecilia,Velasco
1,3765,Mariana Ellis,mariana.ellis@rossi.org,Mariana,Ellis
2,4187,Sofie Woods,sofie.woods@riviere.com,Sofie,Woods
3,4941,Jeanette Iannotti,jeanette.iannotti@yahoo.com,Jeanette,Iannotti
4,2199,Samuel Sorgatz,samuel.sorgatz@gmail.com,Samuel,Sorgatz
5,5650,Socorro Luna,socorro.luna@hotmail.com,Socorro,Luna
6,5889,Carolina Murray,carolina.murray@knight.com,Carolina,Murray
7,4842,Kayla Moon,kayla.moon@yahoo.de,Kayla,Moon
8,3280,Ariadna Geisel,ariadna.geisel@rangel.com,Ariadna,Geisel
9,5468,Danielle Ladeck,danielle.ladeck@scalfaro.net,Danielle,Ladeck
10,3064,Tatiana Thompson,tatiana.thompson@hunt.net,Tatiana,Thompson
11,4904,Caleb Benavides,caleb.benavides@rubio.com,Caleb,Benavides
12,1299,Sandra Hardy,sandra.hardy@web.de,Sandra,Hardy
13,5602,Lotti Morris,lotti.morris@yahoo.co.uk,Lotti,Morris
14,5753,Reinhilde White,reinhilde.white@voila.fr,Reinhilde,White
15,4495,Kerry Patel,kerry.patel@hutchinson.com,Kerry,Patel
16,4269,Sophie Antoine,sophie.antoine@andersen.com,Sophie,Antoine
17,2226,Martha Girard,martha.girard@web.de,Martha,Girard
18,1558,Stephanie King,stephanie.king@cervantes.com,Stephanie,King
19,2307,Amanda Palmer,amanda.palmer@didier.fr,Amanda,Palmer
20,2900,Lina Alcala,lina.alcala@vespa.net,Lina,Alcala
21,5695,Itzel Murphy,itzel.murphy@muelichen.de,Itzel,Murphy
22,5708,Filippo Parry,filippo.parry@live.com,Filippo,Parry
23,1663,Katelyn Cole,katelyn.cole@fiebig.com,Katelyn,Cole
24,3605,Brian Novak,brian.novak@ford.net,Brian,Novak
25,4678,Cilly Gay,cilly.gay@callegaro.it,Cilly,Gay
26,2251,Yolanda Snyder,yolanda.snyder@gmx.de,Yolanda,Snyder
27,6202,Evelin Odonnell,evelin.odonnell@ibarra.net,Evelin,Odonnell
28,3715,Ingeborg Alba,ingeborg.alba@hotmail.com,Ingeborg,Alba
29,4242,Marina Madrid,marina.madrid@galarza-alba.com,Marina,Madrid
30,4326,Sheila Goodwin,sheila.goodwin@yahoo.com,Sheila,Goodwin
31,5560,Valeria Rich,valeria.rich@turchetta-mondadori.it,Valeria,Rich
32,4002,Dustin Camacho,dustin.camacho@rhodes.org.au,Dustin,Camacho
33,3813,Amalia Marenzio,amalia.marenzio@grupo.com,Amalia,Marenzio
34,5336,Gian Long,gian.long@hotmail.com,Gian,Long
35,4994,Stewart Hunt,stewart.hunt@anderson-vargas.biz,Stewart,Hunt
36,1471,Greca Ruiz,greca.ruiz@carr.co.uk,Greca,Ruiz
37,4482,Gerald Olivera,gerald.olivera@outlook.com,Gerald,Olivera
38,3241,Jaqueline Wallace,jaqueline.wallace@gmail.com,Jaqueline,Wallace
39,3477,John Lane,john.lane@gregoire.fr,John,Lane
40,2265,Pero Joly,pero.joly@bernard.net,Pero,Joly
41,5911,Chad Turner,chad.turner@gmail.com,Chad,Turner
42,2288,Adam Zavala,adam.zavala@guichard.fr,Adam,Zavala
43,4064,Tyler Rivera,tyler.rivera@guajardo-ozuna.com,Tyler,Rivera
44,1294,Jens Graham,jens.graham@jones-buckley.com,Jens,Graham
45,5008,Virginia Caetani,virginia.caetani@sosa.biz,Virginia,Caetani
46,3604,Martino Wagner,martino.wagner@laposte.net,Martino,Wagner
47,3263,Martin Meyer,martin.meyer@davis.co.uk,Martin,Meyer
48,5631,Marguerite Walls,marguerite.walls@martinez.fr,Marguerite,Walls
49,2851,Peter Vogt,peter.vogt@yahoo.com,Peter,Vogt
50,3714,Nicholas Christian,nicholas.christian@hotmail.de,Nicholas,Christian
51,1664,Susi Steinberg,susi.steinberg@preiss.com,Susi,Steinberg
52,5027,Tammy Ramazzotti,tammy.ramazzotti@gmail.com,Tammy,Ramazzotti
53,3070,Abdul Thomas,abdul.thomas@vasari.com,Abdul,Thomas
54,4248,Justin Luxardo,justin.luxardo@googlemail.com,Justin,Luxardo
55,2034,Antonio Gibson,antonio.gibson@faust.net,Antonio,Gibson
56,4085,Jeremy Gomez,jeremy.gomez@oconnor.org,Jeremy,Gomez
57,3569,Raymond Solorzano,raymond.solorzano@gmail.com,Raymond,Solorzano
58,3889,Flora Harris,flora.harris@hotmail.com.au,Flora,Harris
59,3136,Cheryl Boyd,cheryl.boyd@segni.it,Cheryl,Boyd
60,2103,Rhys Leiva,rhys.leiva@gmx.de,Rhys,Leiva
61,2329,Mariano Prieto,mariano.prieto@vodafone.it,Mariano,Prieto
62,3325,Laurie Fibonacci,laurie.fibonacci@gmail.com,Laurie,Fibonacci
63,3131,David Rudolph,david.rudolph@nelson.com,David,Rudolph
64,4995,Bryan Ross,bryan.ross@yahoo.com,Bryan,Ross
65,3631,Ubaldo Brown,ubaldo.brown@philippe.com,Ubaldo,Brown
66,5373,Clelia Faulkner,clelia.faulkner@hotmail.com,Clelia,Faulkner
67,3126,Sara Erickson,sara.erickson@yahoo.de,Sara,Erickson
68,2194,Rupert Valle,rupert.valle@filogamo.it,Rupert,Valle
69,2906,Puccio Kitzmann,puccio.kitzmann@yahoo.com,Puccio,Kitzmann
70,2611,Thomas Hutchinson,thomas.hutchinson@gmx.de,Thomas,Hutchinson
71,2374,Abelardo Castro,abelardo.castro@gmail.com,Abelardo,Castro
72,3254,Greco Walker,greco.walker@yahoo.com,Greco,Walker
73,3571,Miranda Lacombe,miranda.lacombe@longoria-vanegas.net,Miranda,Lacombe
74,2812,Diana Schuchhardt,diana.schuchhardt@libero.it,Diana,Schuchhardt
75,3961,Stacey Knox,stacey.knox@corporacin.com,Stacey,Knox
76,3872,Glen Faivre,glen.faivre@yahoo.com,Glen,Faivre
77,4736,Andrew Torres,andrew.torres@ruiz-torres.org,Andrew,Torres
78,5119,Denny Fritz,denny.fritz@despacho.biz,Denny,Fritz
79,5725,Martyn Caldera,martyn.caldera@hotmail.co.uk,Martyn,Caldera
80,4037,Abigail Foster,abigail.foster@taylor.net,Abigail,Foster
81,2109,Anthony Hauffer,anthony.hauffer@tlustek.org,Anthony,Hauffer
82,3283,Roger Gerlach,roger.gerlach@may-mitchell.co.uk,Roger,Gerlach
83,6181,Christopher Poirier,christopher.poirier@hotmail.com,Christopher,Poirier
84,3251,Branka Traore,branka.traore@jacobi.com,Branka,Traore
85,3443,Briana Etienne,briana.etienne@bishop-coates.com,Briana,Etienne
86,2988,Brandon Olson,brandon.olson@prince-moreno.net,Brandon,Olson
87,1673,Celia Ungaretti,celia.ungaretti@fox.com,Celia,Ungaretti
88,2085,Barbara Guibert,barbara.guibert@casares-sanches.com,Barbara,Guibert
89,1672,Daniela Bell,daniela.bell@vollbrecht.org,Daniela,Bell
90,4426,Phyllis Gurule,phyllis.gurule@rodriguez-pham.com,Phyllis,Gurule
91,3211,Alejandra Joseph,alejandra.joseph@escalante-abrego.biz,Alejandra,Joseph
92,3190,Giulio Bohlander,giulio.bohlander@dbmail.com,Giulio,Bohlander
93,2081,Amber Weller,amber.weller@toso.eu,Amber,Weller
94,3185,Mary Etzold,mary.etzold@conrad-harrison.com,Mary,Etzold
95,5044,Amy Georges,amy.georges@raedel.de,Amy,Georges
96,1883,Jennifer Giraud,jennifer.giraud@yahoo.com,Jennifer,Giraud
97,2067,Rosie Peltier,rosie.peltier@voila.fr,Rosie,Peltier
98,4604,Oreste Ward,oreste.ward@proyectos.com,Oreste,Ward
99,3203,Luis Edwards,luis.edwards@live.com,Luis,Edwards
100,5758,Fiona Griffiths,fiona.griffiths@curatoli-verdone.it,Fiona,Griffiths
101,5755,Sally Raya,sally.raya@tarchetti.it,Sally,Raya
102,5150,Carolyn Charpentier,carolyn.charpentier@hotmail.de,Carolyn,Charpentier
103,4181,Nathalie Alvarez,nathalie.alvarez@live.com,Nathalie,Alvarez
104,3006,Abril Lowery,abril.lowery@novak.net,Abril,Lowery
105,4865,Ottone Sullivan,ottone.sullivan@hussain-kaur.com,Ottone,Sullivan
106,2862,Esmeralda Sollima,esmeralda.sollima@visintini.it,Esmeralda,Sollima
107,6070,Silvia Gierschner,silvia.gierschner@tele2.it,Silvia,Gierschner
108,5300,Kyle Cunningham,kyle.cunningham@voila.fr,Kyle,Cunningham
109,3486,Anel Carpentier,anel.carpentier@klein-joseph.org,Anel,Carpentier
110,5989,Sarah Davis,sarah.davis@david.com,Sarah,Davis
111,2849,Luke Klein,luke.klein@hotmail.com,Luke,Klein
112,1612,Gudrun Mueller,gudrun.mueller@dillon-fuller.info,Gudrun,Mueller
113,3307,Melissa Canali,melissa.canali@libero.it,Melissa,Canali
114,5288,Gabrielle Ayala,gabrielle.ayala@hotmail.com,Gabrielle,Ayala
115,6026,Laura Buckley,laura.buckley@ryan.org,Laura,Buckley
116,2212,Wilfrido Lorch,wilfrido.lorch@leclerc.fr,Wilfrido,Lorch
117,4591,Robert Bruder,robert.bruder@manzoni.com,Robert,Bruder
118,2771,Phillip Soliz,phillip.soliz@outlook.com,Phillip,Soliz
119,5682,Alex Smith,alex.smith@fournier.fr,Alex,Smith
120,5368,Jessica Martinez,jessica.martinez@salieri.com,Jessica,Martinez
121,3706,Kelly Carter,kelly.carter@hotmail.com.au,Kelly,Carter
122,4034,Ahmad Sosa,ahmad.sosa@gmail.com,Ahmad,Sosa
123,3209,Toralf Iglesias,toralf.iglesias@borrego.com,Toralf,Iglesias
124,2384,Irene Anichini,irene.anichini@yahoo.com,Irene,Anichini
125,3074,Alicia Cainero,alicia.cainero@yahoo.com,Alicia,Cainero
126,2031,Tracey Laboy,tracey.laboy@bell.biz,Tracey,Laboy
127,5873,Donald Reynaud,donald.reynaud@green.edu.au,Donald,Reynaud
128,5501,Venancio Stadelmann,venancio.stadelmann@gmx.de,Venancio,Stadelmann
129,3489,Seth Olivier,seth.olivier@yahoo.com,Seth,Olivier
130,4210,Dennis Boaga,dennis.boaga@gmx.de,Dennis,Boaga
131,6151,Pedro Wilson,pedro.wilson@outlook.com,Pedro,Wilson
132,6047,Roland Weihmann,roland.weihmann@gmail.com,Roland,Weihmann
133,5445,Hector Morrison,hector.morrison@web.de,Hector,Morrison
134,5493,Evangelos Peters,evangelos.peters@sanchez.net,Evangelos,Peters
135,6036,Gerardo Hamilton,gerardo.hamilton@libero.it,Gerardo,Hamilton
136,2368,Meta Cuzzocrea,meta.cuzzocrea@howard-jensen.org,Meta,Cuzzocrea
137,1501,Alma Raymond,alma.raymond@tin.it,Alma,Raymond
138,4351,Kathleen Solimena,kathleen.solimena@wallace.biz,Kathleen,Solimena
139,3096,Zacharie Cordier,zacharie.cordier@gmail.com,Zacharie,Cordier
140,6162,Riza Techer,riza.techer@yahoo.com,Riza,Techer
141,1433,Enrique Guillen,enrique.guillen@hotmail.co.uk,Enrique,Guillen
142,2720,Tristan Weeks,tristan.weeks@pena.com,Tristan,Weeks
143,5251,Natalie Lerma,natalie.lerma@boucher.com,Natalie,Lerma
144,1797,Rodney Hamon,rodney.hamon@hotmail.com,Rodney,Hamon
145,1656,Adalberto Lombardo,adalberto.lombardo@sfr.fr,Adalberto,Lombardo
146,1346,Florencia Querini,florencia.querini@gmail.com,Florencia,Querini
147,2989,Liam Rolland,liam.rolland@yahoo.fr,Liam,Rolland
148,5629,Ian Kelly,ian.kelly@reeves.com.au,Ian,Kelly
149,3456,Mehdi Todd,mehdi.todd@web.de,Mehdi,Todd
150,3229,Rembrandt Liguori,rembrandt.liguori@davis.org,Rembrandt,Liguori
151,2277,Irmi Schweitzer,irmi.schweitzer@ozuna.com,Irmi,Schweitzer
152,1276,Gioffre Stein,gioffre.stein@hotmail.com.au,Gioffre,Stein
153,3694,Frida Villarreal,frida.villarreal@hotmail.de,Frida,Villarreal
154,2260,Steffen Mangold,steffen.mangold@paul.net,Steffen,Mangold
155,5374,Elias Marin,elias.marin@herve.net,Elias,Marin
156,4420,Roman Gonzalez,roman.gonzalez@anderson.net,Roman,Gonzalez
157,3849,Reina Middleton,reina.middleton@hotmail.com,Reina,Middleton
158,1638,Sandro Moran,sandro.moran@hotmail.de,Sandro,Moran
159,5230,Gebhard Thanel,gebhard.thanel@gmail.com,Gebhard,Thanel
160,1763,Antonino Bolander,antonino.bolander@gmail.com,Antonino,Bolander
161,4323,Karl Trevisani,karl.trevisani@anguissola.it,Karl,Trevisani
162,5256,Silvester Brookes,silvester.brookes@franco.org,Silvester,Brookes
163,4836,Octavio Pratt,octavio.pratt@web.de,Octavio,Pratt
164,5981,Rebecca Greer,rebecca.greer@hotmail.com,Rebecca,Greer
165,1463,Pierina Gaggini,pierina.gaggini@free.fr,Pierina,Gaggini
166,4577,Robin Schleich,robin.schleich@rogers-barrera.biz,Robin,Schleich
167,4951,Sergio Abbott,sergio.abbott@moore.net.au,Sergio,Abbott
168,3567,Gilberto Evans,gilberto.evans@salcedo-archuleta.net,Gilberto,Evans
169,5475,James Elliott,james.elliott@gmail.com,James,Elliott
170,2114,Timoteo Bolnbach,timoteo.bolnbach@laboratorios.com,Timoteo,Bolnbach
171,5216,Tonino Stanley,tonino.stanley@hotmail.com,Tonino,Stanley
172,1665,Margaretha Murialdo,margaretha.murialdo@meunier.com,Margaretha,Murialdo
173,6051,Bianca Drubin,bianca.drubin@libero.it,Bianca,Drubin
174,3983,Kaylee Hoffmann,kaylee.hoffmann@poulain.com,Kaylee,Hoffmann
175,2966,Teresa Vecellio,teresa.vecellio@yahoo.com,Teresa,Vecellio
176,4478,Emine Tacchini,emine.tacchini@dbmail.com,Emine,Tacchini
177,4238,Dawn Cortez,dawn.cortez@gmail.com,Dawn,Cortez
178,4404,Emily Cundari,emily.cundari@clark.com.au,Emily,Cundari
179,5666,Eleanor Hall,eleanor.hall@hotmail.com,Eleanor,Hall
180,3691,Monique Delgadillo,monique.delgadillo@hotmail.co.uk,Monique,Delgadillo
181,2703,Arnaude Warner,arnaude.warner@gmail.com,Arnaude,Warner
182,4253,Jason Howell,jason.howell@gmx.de,Jason,Howell
183,5652,Nicole Mccullough,nicole.mccullough@hall.com,Nicole,Mccullough
184,3279,Rosmarie Esquibel,rosmarie.esquibel@bouygtel.fr,Rosmarie,Esquibel
185,3233,Leonor Ferreira,leonor.ferreira@gmail.com,Leonor,Ferreira
186,3017,Brett Jones,brett.jones@alice.it,Brett,Jones
187,3482,Nino Bien,nino.bien@gmail.com,Nino,Bien
188,2166,Jemma Tate,jemma.tate@hotmail.de,Jemma,Tate
189,4146,Denis Rogers,denis.rogers@poste.it,Denis,Rogers
190,2651,Vanesa Khan,vanesa.khan@voila.fr,Vanesa,Khan
191,1409,Victoria Ojeda,victoria.ojeda@doehn.com,Victoria,Ojeda
192,3717,Eugenio Martin,eugenio.martin@yahoo.de,Eugenio,Martin
193,3963,Nancy Hayes,nancy.hayes@hotmail.com,Nancy,Hayes
194,2152,Lara Jacob,lara.jacob@buckley.org,Lara,Jacob
195,2974,Gino Hernandez,gino.hernandez@covarrubias.com,Gino,Hernandez
196,1268,Vicente Tijerina,vicente.tijerina@montanariello.com,Vicente,Tijerina
197,1822,Michele Brambilla,michele.brambilla@yahoo.com,Michele,Brambilla
198,5066,Dana Ritacca,dana.ritacca@gmail.com,Dana,Ritacca
199,5075,Mitchell Bachmann,mitchell.bachmann@suarez-cruz.com,Mitchell,Bachmann
200,3855,Vincenza Key,vincenza.key@adams.com,Vincenza,Key
201,5923,Salvador Gaillard,salvador.gaillard@yahoo.de,Salvador,Gaillard
202,1867,Diane Rogner,diane.rogner@kelly.co.uk,Diane,Rogner
203,4376,Josette Laine,josette.laine@saracino-parisi.net,Josette,Laine
204,2785,Courtney Fiebig,courtney.fiebig@doerschner.com,Courtney,Fiebig
205,5884,Hugues Oliver,hugues.oliver@stiffel.com,Hugues,Oliver
206,2441,Espartaco Willis,espartaco.willis@hotmail.com,Espartaco,Willis
207,1243,Flavia Yoder,flavia.yoder@hotmail.de,Flavia,Yoder
208,3411,Casey Flores,casey.flores@baggio.org,Casey,Flores
209,2467,Calogero Cross,calogero.cross@mercantini.it,Calogero,Cross
210,1850,Charles Begum,charles.begum@laboratorios.info,Charles,Begum
211,2604,Adina Pollard,adina.pollard@outlook.com,Adina,Pollard
212,1693,Natasha Lara,natasha.lara@outlook.com,Natasha,Lara
213,2969,Benita Pottier,benita.pottier@sfr.fr,Benita,Pottier
214,1544,Elizabeth Valdivia,elizabeth.valdivia@gmail.com,Elizabeth,Valdivia
215,4149,Mattia Huet,mattia.huet@aol.de,Mattia,Huet
216,3463,Geza Howard,geza.howard@voila.fr,Geza,Howard
217,2939,Lauren Guillaume,lauren.guillaume@sorgatz.org,Lauren,Guillaume
218,2202,Joanna Baxter,joanna.baxter@bruce-wright.com,Joanna,Baxter
219,1728,Tracy Metz,tracy.metz@bryant.info,Tracy,Metz
220,5362,Birgit Pena,birgit.pena@armellini.it,Birgit,Pena
221,4840,Elvira Papafava,elvira.papafava@ifrance.com,Elvira,Papafava
222,2955,Ernest Delorme,ernest.delorme@dowerg.de,Ernest,Delorme
223,5354,Christy Grossi,christy.grossi@alarcon-tafoya.com,Christy,Grossi
224,3847,Hermelinda Olmos,hermelinda.olmos@portillo.com,Hermelinda,Olmos
225,3025,Herbert Fraser,herbert.fraser@holloway.org.au,Herbert,Fraser
226,1615,Giancarlo Heydrich,giancarlo.heydrich@hotmail.com,Giancarlo,Heydrich
227,5154,Constance Maldonado,constance.maldonado@spiess.net,Constance,Maldonado
228,5005,Giampiero Carlier,giampiero.carlier@hotmail.com,Giampiero,Carlier
229,1349,Carlo Jacquot,carlo.jacquot@hotmail.com,Carlo,Jacquot
230,3670,Gabriel Robles,gabriel.robles@yahoo.com,Gabriel,Robles
231,2912,Gerd Gunpf,gerd.gunpf@gmail.com,Gerd,Gunpf
232,4336,Ashley Hellwig,ashley.hellwig@libero.it,Ashley,Hellwig
233,5576,Patrick Rosas,patrick.rosas@yahoo.com,Patrick,Rosas
234,2736,Lilla Leonard,lilla.leonard@jungfer.com,Lilla,Leonard
235,3321,Tony Nicolas,tony.nicolas@morrocco-seddio.net,Tony,Nicolas
236,3353,Allegra Benedetti,allegra.benedetti@miller.com,Allegra,Benedetti
237,2336,Camille Tafuri,camille.tafuri@aol.de,Camille,Tafuri
238,4369,Juan Wheeler,juan.wheeler@gilmore.net,Juan,Wheeler
239,4464,Leopoldo Johnson,leopoldo.johnson@hotmail.com.au,Leopoldo,Johnson
240,5626,Dietmar Grenier,dietmar.grenier@tele2.it,Dietmar,Grenier
241,1669,Leonid Scholl,leonid.scholl@collin.com,Leonid,Scholl
242,5544,Olivie Contarini,olivie.contarini@marshall-wright.biz,Olivie,Contarini
243,6078,Jeffery Lacroix,jeffery.lacroix@medina.org,Jeffery,Lacroix
244,2580,Edeltraud Chavez,edeltraud.chavez@hotmail.com.au,Edeltraud,Chavez
245,3592,Mesut Morvan,mesut.morvan@gmail.com,Mesut,Morvan
246,4914,Gregory Jackson,gregory.jackson@ortiz.com,Gregory,Jackson
247,3848,Nicola Rossi,nicola.rossi@berry.org,Nicola,Rossi
248,2619,Eddie Collazo,eddie.collazo@gmail.com,Eddie,Collazo
249,4605,Philippe Gardner,philippe.gardner@howells-jones.net,Philippe,Gardner
250,6147,Roy Fox,roy.fox@tejeda.com,Roy,Fox
251,1383,Heiderose Garcia,heiderose.garcia@noos.fr,Heiderose,Garcia
252,1757,Claudine Rowley,claudine.rowley@industrias.com,Claudine,Rowley
253,4390,Astrid Roht,astrid.roht@fastwebnet.it,Astrid,Roht
254,4165,Auguste Burnett,auguste.burnett@yahoo.fr,Auguste,Burnett
255,4529,Pellegrino Allen,pellegrino.allen@gmail.com,Pellegrino,Allen
256,6084,Angela Bowers,angela.bowers@laboratorios.com,Angela,Bowers
257,2916,Michael Descamps,michael.descamps@gmail.com,Michael,Descamps
258,2005,Heidelore Kennedy,heidelore.kennedy@guinizzelli.org,Heidelore,Kennedy
259,2261,Lucrezia Koch,lucrezia.koch@petit.com,Lucrezia,Koch
260,5342,Ivan Accardo,ivan.accardo@web.de,Ivan,Accardo
261,4087,Karen Avogadro,karen.avogadro@yahoo.com,Karen,Avogadro
262,2761,Laetitia Gallet,laetitia.gallet@aubry.org,Laetitia,Gallet
263,2908,Amico Gosselin,amico.gosselin@shaw.info,Amico,Gosselin
264,2155,Ilaria Bowen,ilaria.bowen@hotmail.it,Ilaria,Bowen
265,5642,Marlen Coardi,marlen.coardi@colletti.eu,Marlen,Coardi
266,6217,Rafael Alexander,rafael.alexander@jenkins.com,Rafael,Alexander
267,4222,Herma Gabbana,herma.gabbana@hotmail.com,Herma,Gabbana
268,4798,Zachary Vespucci,zachary.vespucci@industrias.com,Zachary,Vespucci
269,5660,Marisol Richard,marisol.richard@gmail.com,Marisol,Richard
270,5000,Joseph Glover,joseph.glover@laposte.net,Joseph,Glover
271,2809,Lauretta Neal,lauretta.neal@hotmail.de,Lauretta,Neal
272,3349,Simone Sauvage,simone.sauvage@yahoo.com,Simone,Sauvage
273,3647,Ramona Brooks,ramona.brooks@kensy.de,Ramona,Brooks
274,5745,Gioele Schwital,gioele.schwital@moody.com,Gioele,Schwital
275,2583,Elena Jimenez,elena.jimenez@yahoo.com.au,Elena,Jimenez
276,5441,Pam Vargas,pam.vargas@guillot.net,Pam,Vargas
277,2090,Alison Morales,alison.morales@lewis.com,Alison,Morales
278,3386,Marc Aumann,marc.aumann@holland.com,Marc,Aumann
279,1816,Carla Butler,carla.butler@yahoo.com,Carla,Butler
280,4718,Dionigi Bruce,dionigi.bruce@industrias.com,Dionigi,Bruce
281,1677,Frank Henry,frank.henry@yahoo.com,Frank,Henry
282,4218,Brent Pons,brent.pons@proyectos.net,Brent,Pons
283,4548,Patricia Liebelt,patricia.liebelt@baca.org,Patricia,Liebelt
284,1431,Micheletto Sykes,micheletto.sykes@thompson-thompson.com,Micheletto,Sykes
285,2830,Rose Blanc,rose.blanc@grupo.com,Rose,Blanc
286,4400,Vincent Singh,vincent.singh@gmail.com,Vincent,Singh
287,5773,Jamie Peacock,jamie.peacock@interiano-nordio.com,Jamie,Peacock
288,4161,Giorgia Dijoux,giorgia.dijoux@paul.com,Giorgia,Dijoux
289,2062,Serena Piacentini,serena.piacentini@yahoo.de,Serena,Piacentini
290,3458,Dimitri Posada,dimitri.posada@gmail.com,Dimitri,Posada
291,3174,Alexa Barillaro,alexa.barillaro@ramos.net,Alexa,Barillaro
292,5565,Megan Kuhl,megan.kuhl@despacho.com,Megan,Kuhl
293,1906,Kaitlyn Farinelli,kaitlyn.farinelli@outlook.com,Kaitlyn,Farinelli
294,5479,Jonathan Castellitto,jonathan.castellitto@libero.it,Jonathan,Castellitto
295,4320,Lisa Terragni,lisa.terragni@proyectos.com,Lisa,Terragni
296,4213,Olivier Petrucelli,olivier.petrucelli@letta-raurica.eu,Olivier,Petrucelli
297,3373,Jos Trobbiani,jos.trobbiani@samson.com,Jos,Trobbiani
298,4184,Mirjam Dawson,mirjam.dawson@yahoo.com,Mirjam,Dawson
299,5472,Javier Tessier,javier.tessier@mclaughlin.biz,Javier,Tessier
300,5559,Mirjana Collins,mirjana.collins@hotmail.com,Mirjana,Collins
301,5419,Vanessa Tschentscher,vanessa.tschentscher@mitchell.com,Vanessa,Tschentscher
302,4171,Antonina Cobb,antonina.cobb@gibson.org,Antonina,Cobb
303,1302,Bernard Durand,bernard.durand@royer.com,Bernard,Durand
304,3520,Corey Greggio,corey.greggio@johnson.org.au,Corey,Greggio
305,6010,Rodolfo Couturier,rodolfo.couturier@tim.it,Rodolfo,Couturier
306,4617,Pierre Cardenas,pierre.cardenas@luzi-bonomo.eu,Pierre,Cardenas
307,1417,Romeo Surian,romeo.surian@batista.com,Romeo,Surian
308,4770,Ivo Moreno,ivo.moreno@hotmail.com,Ivo,Moreno
309,4328,Federico Marie,federico.marie@jourdan.fr,Federico,Marie
310,5171,Maggie Boito,maggie.boito@yahoo.com,Maggie,Boito
311,4394,Brianna Hanson,brianna.hanson@stanley.com,Brianna,Hanson
312,1794,Heiko Bourgeois,heiko.bourgeois@togliatti.com,Heiko,Bourgeois
313,3510,Benito Gritti,benito.gritti@gmail.com,Benito,Gritti
314,2487,Mitzy Junk,mitzy.junk@zaragoza.com,Mitzy,Junk
315,2215,Samantha Lowe,samantha.lowe@praga.it,Samantha,Lowe
316,4136,Ernesto Nerger,ernesto.nerger@middleton.co.uk,Ernesto,Nerger
317,3723,Melinda Canova,melinda.canova@orange.fr,Melinda,Canova
318,5842,Mohammad Hartung,mohammad.hartung@hotmail.com,Mohammad,Hartung
319,3289,Ben Maillot,ben.maillot@ramos.net,Ben,Maillot
320,1249,Isabel Pruschke,isabel.pruschke@gmail.com,Isabel,Pruschke
321,5409,Linda Franceschi,linda.franceschi@richards.net,Linda,Franceschi
322,2951,Olivia Striebitz,olivia.striebitz@gmail.com,Olivia,Striebitz
323,3432,Penny Watson,penny.watson@matthews.net,Penny,Watson
324,2297,Manfred James,manfred.james@davies.org,Manfred,James
325,6161,Hazel Pierce,hazel.pierce@outlook.com,Hazel,Pierce
326,4603,Alf Bates,alf.bates@dunn.com,Alf,Bates
327,5818,Scott Gough,scott.gough@industrias.com,Scott,Gough
328,4270,Konrad Briones,konrad.briones@fierro.com,Konrad,Briones
329,6007,Mathilde Kruschwitz,mathilde.kruschwitz@yahoo.com,Mathilde,Kruschwitz
330,4084,Irma Gemito,irma.gemito@googlemail.com,Irma,Gemito
331,1340,Antoine Guyon,antoine.guyon@yahoo.com,Antoine,Guyon
332,5675,William Gibilisco,william.gibilisco@gaillard.com,William,Gibilisco
333,2010,Judith Butte,judith.butte@fischer-vaughn.info,Judith,Butte
334,6201,Joanne Henderson,joanne.henderson@gmail.com,Joanne,Henderson
335,1791,Ludovica Arellano,ludovica.arellano@morandi-argento.com,Ludovica,Arellano
336,3314,Catherine Gray,catherine.gray@hotmail.com,Catherine,Gray
337,5852,Franco Fioravanti,franco.fioravanti@barry-gill.com.au,Franco,Fioravanti
338,4618,Heather Zimmer,heather.zimmer@bluemel.de,Heather,Zimmer
339,2618,Hortense Taylor,hortense.taylor@chambers.biz,Hortense,Taylor
340,4967,Livia Ernst,livia.ernst@colas.fr,Livia,Ernst
341,4594,Toby Etzler,toby.etzler@industrias.com,Toby,Etzler
342,2080,Ennio Leoncavallo,ennio.leoncavallo@sanchez.org,Ennio,Leoncavallo
343,2793,Philippine Vaca,philippine.vaca@hotmail.com,Philippine,Vaca
344,4890,Rhonda Phillips,rhonda.phillips@yahoo.com,Rhonda,Phillips
345,3528,Alphonse Nitto,alphonse.nitto@voila.fr,Alphonse,Nitto
346,5810,Karina Arreola,karina.arreola@yahoo.com.au,Karina,Arreola
347,5720,Denise Wood,denise.wood@mantegna.com,Denise,Wood
348,4593,Burghard Rosenow,burghard.rosenow@hotmail.com,Burghard,Rosenow
349,3186,Friedl Powell,friedl.powell@laposte.net,Friedl,Powell
350,5136,Benjamin Schultz,benjamin.schultz@rivero-davila.com,Benjamin,Schultz
351,2646,Rachel Ulibarri,rachel.ulibarri@schueler.com,Rachel,Ulibarri
352,3460,Silvano Blanchet,silvano.blanchet@yahoo.com,Silvano,Blanchet
353,4345,Kurt Sauer,kurt.sauer@almanza.biz,Kurt,Sauer
354,2690,Nayeli Gehringer,nayeli.gehringer@hotmail.com,Nayeli,Gehringer
355,4025,Imelda Guerin,imelda.guerin@stumpf.net,Imelda,Guerin
356,4524,Zbigniew Holmes,zbigniew.holmes@stiffel.net,Zbigniew,Holmes
357,3978,Adela Alfonsi,adela.alfonsi@despacho.com,Adela,Alfonsi
358,3910,Hilary Clark,hilary.clark@libero.it,Hilary,Clark
359,5825,Kornelius Molina,kornelius.molina@heuser.com,Kornelius,Molina
360,3564,Christian Anderson,christian.anderson@tim.it,Christian,Anderson
361,2396,Francisco Dorsey,francisco.dorsey@tiscali.fr,Francisco,Dorsey
362,2140,Walli Albert,walli.albert@dussen.com,Walli,Albert
363,3079,Siegrun Mota,siegrun.mota@matthews-montoya.org.au,Siegrun,Mota
364,2017,Alberico Herve,alberico.herve@beer.net,Alberico,Herve
365,5444,Serafina Bonnin,serafina.bonnin@mendes.com,Serafina,Bonnin
366,2216,Marcelle Bender,marcelle.bender@edwards-robinson.info,Marcelle,Bender
367,1241,Hartmuth Robertson,hartmuth.robertson@thomas.edu.au,Hartmuth,Robertson
368,1484,Herlinde George,herlinde.george@free.fr,Herlinde,George
369,3475,Pamela Payne,pamela.payne@yahoo.com,Pamela,Payne
370,4333,Gastone Beyer,gastone.beyer@stewart-sanchez.edu,Gastone,Beyer
371,5657,Lydia Berengario,lydia.berengario@aol.de,Lydia,Berengario
372,2527,Lucy Davidson,lucy.davidson@tele2.it,Lucy,Davidson
373,5967,Franck Wade,franck.wade@gute.org,Franck,Wade
374,5698,Heidi Barker,heidi.barker@gmail.com,Heidi,Barker
375,3331,Arnaldo Ocasio,arnaldo.ocasio@hotmail.com,Arnaldo,Ocasio
376,3841,Francis Bernier,francis.bernier@rodriguez.com,Francis,Bernier
377,6105,Johanne Strong,johanne.strong@yahoo.de,Johanne,Strong
378,3895,Debra Langlois,debra.langlois@schmiedecke.com,Debra,Langlois
379,1891,Reingard Kambs,reingard.kambs@sagese.eu,Reingard,Kambs
380,1281,Mauro Ortiz,mauro.ortiz@oquendo.net,Mauro,Ortiz
381,4186,Griselda Carranza,griselda.carranza@krause.de,Griselda,Carranza
382,2511,Janet Madrigal,janet.madrigal@gmail.com,Janet,Madrigal
383,4272,Jenna Day,jenna.day@reed.com,Jenna,Day
384,3533,Modesto Wright,modesto.wright@pareto.com,Modesto,Wright
385,3618,Alice Wall,alice.wall@zaccardo.it,Alice,Wall
386,2177,Brenda Sontag,brenda.sontag@solari.com,Brenda,Sontag
387,4102,Sergius Mace,sergius.mace@palazzo.com,Sergius,Mace
388,6089,Antonia Kline,antonia.kline@gmail.com,Antonia,Kline
389,4701,Maurice Gumprich,maurice.gumprich@griffin.net.au,Maurice,Gumprich
390,5645,Daniel Anders,daniel.anders@yahoo.com,Daniel,Anders
391,4499,Zaira Cattaneo,zaira.cattaneo@yahoo.com,Zaira,Cattaneo
392,3365,Alessio Bruneau,alessio.bruneau@hotmail.co.uk,Alessio,Bruneau
393,2290,Gerdi Guerrero,gerdi.guerrero@tele2.fr,Gerdi,Guerrero
394,1890,Brigitte Stiebitz,brigitte.stiebitz@gmail.com,Brigitte,Stiebitz
395,1304,June Sinisi,june.sinisi@manzoni-giannini.it,June,Sinisi
396,3799,Carl Macias,carl.macias@yahoo.com,Carl,Macias
397,2749,Veronica Trapp,veronica.trapp@tiscali.it,Veronica,Trapp
398,2028,Frances Garnier,frances.garnier@aporti-guidotti.org,Frances,Garnier
399,2383,Terri Iannelli,terri.iannelli@hotmail.com,Terri,Iannelli
400,5721,Odette Moore,odette.moore@hall.edu,Odette,Moore
401,1394,Mercedes Trujillo,mercedes.trujillo@aol.de,Mercedes,Trujillo
402,3451,Babette Dumas,babette.dumas@brady.net,Babette,Dumas
403,5512,Jerry Santiago,jerry.santiago@soprano-ferragni.it,Jerry,Santiago
404,2453,Ronald Simpson,ronald.simpson@ovadia.net,Ronald,Simpson
405,6055,Emmanuel Dominguez,emmanuel.dominguez@gmail.com,Emmanuel,Dominguez
406,5704,Christiane Ricciardi,christiane.ricciardi@zavala.com,Christiane,Ricciardi
407,3707,Ingolf Zamora,ingolf.zamora@yahoo.com.au,Ingolf,Zamora
408,2205,Rita Sharp,rita.sharp@beard-scott.edu.au,Rita,Sharp
409,5976,Geraldine Cabrera,geraldine.cabrera@green-smith.info,Geraldine,Cabrera
410,3290,Chantal Armas,chantal.armas@jenkins.net,Chantal,Armas
411,4257,Louis Gilbert,louis.gilbert@gmail.com,Louis,Gilbert
412,4588,Michelle Collier,michelle.collier@peruzzi.it,Michelle,Collier
413,4785,Guillermina Nicholson,guillermina.nicholson@grondin.fr,Guillermina,Nicholson
414,3033,Bertrand Hopkins,bertrand.hopkins@gmail.com,Bertrand,Hopkins
415,2779,Alonso Palomo,alonso.palomo@gehringer.de,Alonso,Palomo
416,2131,Tina Rodriguez,tina.rodriguez@web.de,Tina,Rodriguez
417,6229,Eva Francis,eva.francis@parker.org,Eva,Francis
418,3429,Ottavio Rust,ottavio.rust@crespi.com,Ottavio,Rust
419,1613,Amelia Olvera,amelia.olvera@hotmail.com,Amelia,Olvera
420,4734,Paul Palladio,paul.palladio@mclaughlin.net.au,Paul,Palladio
421,4439,Bernardo Wieloch,bernardo.wieloch@budig.com,Bernardo,Wieloch
422,1441,Umberto Hicks,umberto.hicks@hill.com,Umberto,Hicks
423,5799,Janko Bishop,janko.bishop@tim.it,Janko,Bishop
424,1419,Jessika Meunier,jessika.meunier@gmx.de,Jessika,Meunier
425,3059,Isaac Benard,isaac.benard@googlemail.com,Isaac,Benard
426,3224,Alexandrie Lambert,alexandrie.lambert@yahoo.com,Alexandrie,Lambert
427,3181,Roberto Guyot,roberto.guyot@bennett.com,Roberto,Guyot
428,6061,Giulietta Lucas,giulietta.lucas@club.com,Giulietta,Lucas
429,4466,Damaris Pininfarina,damaris.pininfarina@gmail.com,Damaris,Pininfarina
430,6081,Fabrizia Renard,fabrizia.renard@higgins-marks.com,Fabrizia,Renard
431,2159,Camillo Dehmel,camillo.dehmel@brown-campbell.com,Camillo,Dehmel
432,3324,Ruggero Parpinel,ruggero.parpinel@gmail.com,Ruggero,Parpinel
433,3176,Stephen Pratesi,stephen.pratesi@hotmail.com,Stephen,Pratesi
434,5874,Ludger Naccari,ludger.naccari@ingram.biz,Ludger,Naccari
435,5110,Meryem Tapia,meryem.tapia@yahoo.com,Meryem,Tapia
436,5490,Jasmine Juvara,jasmine.juvara@yahoo.com.au,Jasmine,Juvara
437,1922,Victoire Travaglia,victoire.travaglia@zacchia.com,Victoire,Travaglia
438,4398,Adrian Noel,adrian.noel@perrin.com,Adrian,Noel
439,4754,Marvin Howe,marvin.howe@gmail.com,Marvin,Howe
440,3309,Hanne Kidd,hanne.kidd@yahoo.com,Hanne,Kidd
441,1244,Donatello Millet,donatello.millet@fritsch.net,Donatello,Millet
442,2892,Eloisa Pascarella,eloisa.pascarella@gmail.com,Eloisa,Pascarella
443,2777,Erica Zambrano,erica.zambrano@gmail.com,Erica,Zambrano
444,4952,Paula Canales,paula.canales@gilmore-guerrero.com,Paula,Canales
445,5144,Claudia Bernard,claudia.bernard@mazzanti.it,Claudia,Bernard
446,5487,Paulina Miller,paulina.miller@lewis-barker.com,Paulina,Miller
447,1932,Kathrin Godfrey,kathrin.godfrey@tele2.fr,Kathrin,Godfrey
448,3364,Pina Passalacqua,pina.passalacqua@yahoo.co.uk,Pina,Passalacqua
449,5165,Julien Miles,julien.miles@stevens-rose.com,Julien,Miles
450,3858,Suzanne Benigni,suzanne.benigni@mennea-morlacchi.com,Suzanne,Benigni
451,4666,Annalisa Pugh,annalisa.pugh@hotmail.fr,Annalisa,Pugh
452,2896,Mathew Maestas,mathew.maestas@casas-garrido.com,Mathew,Maestas
453,4520,Laszlo Vallee,laszlo.vallee@verdier.com,Laszlo,Vallee
454,5726,Helen Polanco,helen.polanco@hotmail.com,Helen,Polanco
455,5661,Mateo Sorrentino,mateo.sorrentino@calderon.com,Mateo,Sorrentino
456,4765,Eric Barnes,eric.barnes@barrett-winter.com,Eric,Barnes
457,3710,Dragica West,dragica.west@yahoo.com.au,Dragica,West
458,4925,Antje Voisin,antje.voisin@gmail.com,Antje,Voisin
459,1533,Stanley Mills,stanley.mills@parker-lee.biz,Stanley,Mills
460,5264,Brandy Meraz,brandy.meraz@yahoo.com,Brandy,Meraz
461,4606,Conor Reinhardt,conor.reinhardt@yahoo.com.au,Conor,Reinhardt
462,2043,Gabino Blot,gabino.blot@lewis-russell.org,Gabino,Blot
463,3871,Alvaro Lemus,alvaro.lemus@yahoo.com,Alvaro,Lemus
464,6205,Patrizia Wilms,patrizia.wilms@dbmail.com,Patrizia,Wilms
465,3193,Metin Coulon,metin.coulon@ashley.com,Metin,Coulon
466,1810,Reece Valencia,reece.valencia@laboy-palomo.com,Reece,Valencia
467,4797,Troy Schmiedecke,troy.schmiedecke@picard.com,Troy,Schmiedecke
468,1487,Wendy Bustos,wendy.bustos@libero.it,Wendy,Bustos
469,3474,Guglielmo Caldwell,guglielmo.caldwell@loeffler.com,Guglielmo,Caldwell
470,5771,Travis Cowan,travis.cowan@turner.info,Travis,Cowan
471,6074,Brandi Abbagnale,brandi.abbagnale@tele2.fr,Brandi,Abbagnale
472,1568,Hanno Gollum,hanno.gollum@smith.com,Hanno,Gollum
473,4263,Jutta Burke,jutta.burke@elliott.com,Jutta,Burke
474,5850,Dorothe Paz,dorothe.paz@fiebig.de,Dorothe,Paz
475,5619,Desiree Huerta,desiree.huerta@morris.com,Desiree,Huerta
476,1904,Ilse Bray,ilse.bray@venturi.it,Ilse,Bray
477,5388,Pierpaolo Scaduto,pierpaolo.scaduto@sanders-gibson.com.au,Pierpaolo,Scaduto
478,2150,Amedeo Bradford,amedeo.bradford@yahoo.com,Amedeo,Bradford
479,2653,Julia Ali,julia.ali@yahoo.com,Julia,Ali
480,2687,Catalina Pizzetti,catalina.pizzetti@tim.it,Catalina,Pizzetti
481,3779,Dylan Porzio,dylan.porzio@yahoo.de,Dylan,Porzio
482,1494,Iris Trincavelli,iris.trincavelli@tiscali.fr,Iris,Trincavelli
483,4129,Johnathan Guidotti,johnathan.guidotti@cox-sanchez.net,Johnathan,Guidotti
484,3035,Walburga Vollbrecht,walburga.vollbrecht@aol.de,Walburga,Vollbrecht
485,2069,Kendra David,kendra.david@allan-morton.com,Kendra,David
486,5469,Aleksandr Weiss,aleksandr.weiss@blanc.org,Aleksandr,Weiss
487,3903,Cornelio Guardado,cornelio.guardado@gmail.com,Cornelio,Guardado
488,4083,Ferdi Blackburn,ferdi.blackburn@christensen.net,Ferdi,Blackburn
489,4003,Bill Gallagher,bill.gallagher@green.com,Bill,Gallagher
490,3565,Leonard Harvey,leonard.harvey@hotmail.com,Leonard,Harvey
491,1640,Milan Montenegro,milan.montenegro@langern.com,Milan,Montenegro
492,4769,Philip Perez,philip.perez@hotmail.co.uk,Philip,Perez
493,3398,Kathryn Hentschel,kathryn.hentschel@shaw.com,Kathryn,Hentschel
494,1865,Xavier Samson,xavier.samson@baggio.it,Xavier,Samson
495,5690,Hartwig Roberts,hartwig.roberts@saraceno.net,Hartwig,Roberts
496,3814,Kimberly Chan,kimberly.chan@gmail.com,Kimberly,Chan
497,2942,Lorraine Crawford,lorraine.crawford@gmail.com,Lorraine,Crawford
498,5095,Maximiliano Knowles,maximiliano.knowles@gmail.com,Maximiliano,Knowles
499,2878,Gabriella Avila,gabriella.avila@gmail.com,Gabriella,Avila
500,3697,Rico Mortati,rico.mortati@faivre.fr,Rico,Mortati
501,4744,Gail Petrocelli,gail.petrocelli@yahoo.com,Gail,Petrocelli
502,2104,Liberto Niemeier,liberto.niemeier@germano-dibiasi.it,Liberto,Niemeier
503,4883,Luciana Petitjean,luciana.petitjean@patterson-cole.biz,Luciana,Petitjean
504,4807,Ron Cavazos,ron.cavazos@yahoo.com,Ron,Cavazos
505,1372,Aldo Cibin,aldo.cibin@gmx.de,Aldo,Cibin
506,3666,Alexandre Serrano,alexandre.serrano@yahoo.co.uk,Alexandre,Serrano
507,2066,Lori Fagotto,lori.fagotto@hill-anderson.com,Lori,Fagotto
508,1834,Perla Figueroa,perla.figueroa@live.com,Perla,Figueroa
509,5853,Reginald Hughes,reginald.hughes@gmail.com,Reginald,Hughes
510,2219,Uriel Holt,uriel.holt@gmail.com,Uriel,Holt
511,4148,Stefano Lemonnier,stefano.lemonnier@binner.com,Stefano,Lemonnier
512,4477,Madeleine Cooper,madeleine.cooper@poste.it,Madeleine,Cooper
513,1786,Alban Barbier,alban.barbier@ortiz.org,Alban,Barbier
514,3455,Alfonso Finetti,alfonso.finetti@quiroz.com,Alfonso,Finetti
515,5707,Ryan Kim,ryan.kim@noos.fr,Ryan,Kim
516,5470,Augustin Wohlgemut,augustin.wohlgemut@watson.info,Augustin,Wohlgemut
517,3274,Rolando Bibi,rolando.bibi@tin.it,Rolando,Bibi
518,4613,Berthold Randall,berthold.randall@mcdonald.com,Berthold,Randall
519,4465,Genaro Briand,genaro.briand@sfr.fr,Genaro,Briand
520,1652,Rudolf Jenkins,rudolf.jenkins@hotmail.com,Rudolf,Jenkins
521,2100,Pauline Ackermann,pauline.ackermann@arredondo-roque.com,Pauline,Ackermann
522,4321,Folker Swanson,folker.swanson@rodrigues.fr,Folker,Swanson
523,4168,Ashleigh Montez,ashleigh.montez@perry-schneider.com,Ashleigh,Montez
524,3733,Liliana Barber,liliana.barber@libero.it,Liliana,Barber
525,2594,Caridad Carr,caridad.carr@huhn.com,Caridad,Carr
526,3909,Lolita Borrego,lolita.borrego@gmail.com,Lolita,Borrego
527,5179,Gunar Patrick,gunar.patrick@leroy.com,Gunar,Patrick
528,2228,Leokadia Verdier,leokadia.verdier@hotmail.com.au,Leokadia,Verdier
529,6222,Hanna Reid,hanna.reid@salas.org,Hanna,Reid
530,2354,Edelgard Kreusel,edelgard.kreusel@hotmail.com,Edelgard,Kreusel
531,1725,Svenja Perrin,svenja.perrin@berger.com,Svenja,Perrin
532,2960,Pierluigi Taccola,pierluigi.taccola@gmx.de,Pierluigi,Taccola
533,2077,Cilli Watts,cilli.watts@yahoo.com,Cilli,Watts
534,5662,Emiliano Wells,emiliano.wells@gmx.de,Emiliano,Wells
535,3481,April Davids,april.davids@fisher.info,April,Davids
536,2565,Dolores Didier,dolores.didier@yahoo.com.au,Dolores,Didier
537,4436,Sylvia Bonomo,sylvia.bonomo@poulain.com,Sylvia,Bonomo
538,5072,Nelly Marsh,nelly.marsh@hotmail.it,Nelly,Marsh
539,5200,Beth Miniati,beth.miniati@hudson.net,Beth,Miniati
540,4502,Renee Merino,renee.merino@gmail.com,Renee,Merino
541,4945,Hailey Russell,hailey.russell@jourdan.org,Hailey,Russell
542,3012,Raphaela Gotthard,raphaela.gotthard@outlook.com,Raphaela,Gotthard
543,6094,Pomponio Comencini,pomponio.comencini@hotmail.co.uk,Pomponio,Comencini
544,3815,Leone Richardson,leone.richardson@yahoo.com,Leone,Richardson
545,4838,Valentine Acosta,valentine.acosta@peters.net,Valentine,Acosta
546,3469,Ricciotti Laureano,ricciotti.laureano@parsons.com,Ricciotti,Laureano
547,4874,Jacques Heidrich,jacques.heidrich@zamudio-chapa.com,Jacques,Heidrich
548,1792,Anne Snow,anne.snow@gmail.com,Anne,Snow
549,4356,Sonia Volta,sonia.volta@gmx.de,Sonia,Volta
550,6196,Dale Leblanc,dale.leblanc@stewart.com,Dale,Leblanc
551,3578,Alejandro Cruz,alejandro.cruz@hotmail.com,Alejandro,Cruz
552,4491,Elsa Cugia,elsa.cugia@yahoo.com,Elsa,Cugia
553,3054,Geronimo Pechel,geronimo.pechel@hotmail.com,Geronimo,Pechel
554,1968,Melania Klemm,melania.klemm@seidel.com,Melania,Klemm
555,5869,Katherine Cooley,katherine.cooley@yahoo.com,Katherine,Cooley
556,5858,Guillermo Larsen,guillermo.larsen@yahoo.com,Guillermo,Larsen
557,5203,Jill Barrios,jill.barrios@gmail.com,Jill,Barrios
558,2577,Austin Musatti,austin.musatti@tin.it,Austin,Musatti
559,3216,Jacinto Rose,jacinto.rose@yahoo.com,Jacinto,Rose
560,2037,Lucie Redi,lucie.redi@googlemail.com,Lucie,Redi
561,3867,Tania Chapman,tania.chapman@remy.com,Tania,Chapman
562,5109,Alexandria Best,alexandria.best@yahoo.co.uk,Alexandria,Best
563,1376,Edward Scott,edward.scott@yahoo.com,Edward,Scott
564,5260,Jake Wiley,jake.wiley@outlook.com,Jake,Wiley
565,2350,Claudio Reuter,claudio.reuter@morgan-collins.org.au,Claudio,Reuter
566,2269,Laure Traetta,laure.traetta@kay-perkins.co.uk,Laure,Traetta
567,3650,Magarete Valentin,magarete.valentin@yahoo.com,Magarete,Valentin
568,3934,Paige Hill,paige.hill@jones.org.au,Paige,Hill
569,4048,Fulvio Curiel,fulvio.curiel@reynolds.com,Fulvio,Curiel
570,4266,Thibaut Camarillo,thibaut.camarillo@hotmail.com,Thibaut,Camarillo
571,3863,Romana Blanchard,romana.blanchard@googlemail.com,Romana,Blanchard
572,4922,Thibault Savorgnan,thibault.savorgnan@butler.biz,Thibault,Savorgnan
573,4517,Alexander Pausini,alexander.pausini@gonzalez.info,Alexander,Pausini
574,3259,Pierangelo Scholtz,pierangelo.scholtz@lefevre.com,Pierangelo,Scholtz
575,3123,Emmanuelle Keller,emmanuelle.keller@morton-clarke.com,Emmanuelle,Keller
576,3870,Isabella Deleon,isabella.deleon@web.de,Isabella,Deleon
577,2996,Timothy Weitzel,timothy.weitzel@gmail.com,Timothy,Weitzel
578,2993,Alfredo Ingram,alfredo.ingram@hotmail.com,Alfredo,Ingram
579,4556,Francesca Kade,francesca.kade@luna-rael.org,Francesca,Kade
580,2326,Tonia Coleman,tonia.coleman@hotmail.com,Tonia,Coleman
581,4109,Gottfried Barbe,gottfried.barbe@hotmail.com,Gottfried,Barbe
582,5739,Jeffrey Trommler,jeffrey.trommler@yahoo.com,Jeffrey,Trommler
583,5887,Giacobbe Owens,giacobbe.owens@huet.fr,Giacobbe,Owens
584,1651,Conchita Pagliaro,conchita.pagliaro@googlemail.com,Conchita,Pagliaro
585,1628,Kevin Delahaye,kevin.delahaye@ellis-wilson.com,Kevin,Delahaye
586,2642,Rouven Ovadia,rouven.ovadia@gmail.com,Rouven,Ovadia
587,6020,Piermaria Laporte,piermaria.laporte@wesack.com,Piermaria,Laporte
588,4747,Karolin Johann,karolin.johann@hotmail.com,Karolin,Johann
589,5534,Steven Folliero,steven.folliero@noos.fr,Steven,Folliero
590,4790,Livio Rosselli,livio.rosselli@green.co.uk,Livio,Rosselli
591,4632,Gaetano Leonardi,gaetano.leonardi@despacho.com,Gaetano,Leonardi
592,1952,Cynthia Robinson,cynthia.robinson@gilles.net,Cynthia,Robinson
593,4388,Eleni Aponte,eleni.aponte@club-internet.fr,Eleni,Aponte
594,5529,Noelia Romo,noelia.romo@yahoo.com,Noelia,Romo
595,1316,Evelyn Haynes,evelyn.haynes@clark.info,Evelyn,Haynes
596,1670,Katharine Zaccagnini,katharine.zaccagnini@hotmail.com,Katharine,Zaccagnini
597,4909,Lea Merle,lea.merle@stey.de,Lea,Merle
598,3401,Marta Huynh,marta.huynh@hernandez.info,Marta,Huynh
599,4619,Amador Riley,amador.riley@hotmail.com,Amador,Riley
600,4722,Julie Coles,julie.coles@hotmail.fr,Julie,Coles
601,2188,Beverley Telesio,beverley.telesio@regnier.fr,Beverley,Telesio
602,5497,Corinne Mitschke,corinne.mitschke@hauffer.net,Corinne,Mitschke
603,5711,Valerie Ortega,valerie.ortega@tele2.it,Valerie,Ortega
604,4076,Carlos Delle,carlos.delle@hicks.com,Carlos,Delle
605,1847,Christina Besnard,christina.besnard@delorme.com,Christina,Besnard
606,2816,Rosario Jacques,rosario.jacques@yahoo.com,Rosario,Jacques
607,5019,Celal Fischer,celal.fischer@aol.de,Celal,Fischer
608,4869,Leonardo Guzman,leonardo.guzman@andreozzi-abba.com,Leonardo,Guzman
609,3613,Clinton Mason,clinton.mason@yahoo.com,Clinton,Mason
610,3069,Loretta Mallet,loretta.mallet@sansoni-toscani.it,Loretta,Mallet
611,2601,Lorenzo Roero,lorenzo.roero@hotmail.co.uk,Lorenzo,Roero
612,2133,Lando Gutierrez,lando.gutierrez@heser.com,Lando,Gutierrez
613,3164,Elaine Patterson,elaine.patterson@rose-morris.org,Elaine,Patterson
614,3897,Marcella Govoni,marcella.govoni@barkholz.net,Marcella,Govoni
615,5663,Ettore Amaldi,ettore.amaldi@germain.com,Ettore,Amaldi
616,3879,Rufino Gallegos,rufino.gallegos@webster-newton.co.uk,Rufino,Gallegos
617,5900,Georges Richards,georges.richards@macdonald.com,Georges,Richards
618,2272,Janice Infantino,janice.infantino@hotmail.com,Janice,Infantino
619,5436,Svetlana Montanariello,svetlana.montanariello@putz.de,Svetlana,Montanariello
620,3676,Agnolo Cedillo,agnolo.cedillo@laboratorios.biz,Agnolo,Cedillo
621,4676,Hannah Jockel,hannah.jockel@ceravolo-tonisto.eu,Hannah,Jockel
622,1563,Yvonne Stout,yvonne.stout@sims.edu,Yvonne,Stout
623,4349,Anouk Pace,anouk.pace@gmail.com,Anouk,Pace
624,1658,Esteban Valdez,esteban.valdez@hotmail.com,Esteban,Valdez
625,2552,Angelina Davies,angelina.davies@hotmail.com,Angelina,Davies
626,4847,Anastasie Cadena,anastasie.cadena@live.com,Anastasie,Cadena
627,1553,Hansjoachim Lettiere,hansjoachim.lettiere@hall-mcdaniel.net,Hansjoachim,Lettiere
628,2632,Yeni Tejada,yeni.tejada@olson.edu.au,Yeni,Tejada
629,1908,Dulce Adinolfi,dulce.adinolfi@hotmail.com,Dulce,Adinolfi
630,5801,Sean Mielcarek,sean.mielcarek@gmail.com,Sean,Mielcarek
631,1935,Omar Fonseca,omar.fonseca@grupo.org,Omar,Fonseca
632,2609,Henry Gucci,henry.gucci@leleu.fr,Henry,Gucci
633,2740,Samira Bottaro,samira.bottaro@vasseur.fr,Samira,Bottaro
634,1907,Korinna Arnold,korinna.arnold@zapata-saenz.biz,Korinna,Arnold
635,1831,Marcela Ferrante,marcela.ferrante@gmx.de,Marcela,Ferrante
636,5177,Douglas Amaya,douglas.amaya@favata-brenna.net,Douglas,Amaya
637,6179,Katherina Barrientos,katherina.barrientos@trobbiani.eu,Katherina,Barrientos
638,2917,Brittany Tran,brittany.tran@tele2.it,Brittany,Tran
639,1486,Caroline Reeves,caroline.reeves@yahoo.com,Caroline,Reeves
640,3735,Joe Michaud,joe.michaud@yahoo.fr,Joe,Michaud
641,3838,Marco Vittadello,marco.vittadello@gmail.com,Marco,Vittadello
642,2430,Kim Webb,kim.webb@yahoo.com.au,Kim,Webb
643,2480,Eugenia Zichichi,eugenia.zichichi@yahoo.com,Eugenia,Zichichi
644,3431,Aurore Rosemann,aurore.rosemann@leoncavallo-rusticucci.com,Aurore,Rosemann
645,1742,Giustino Luzi,giustino.luzi@rolland.fr,Giustino,Luzi
646,4628,Anita Galindo,anita.galindo@gmail.com,Anita,Galindo
647,2385,Gunhild Carrillo,gunhild.carrillo@elliott-gilbert.org,Gunhild,Carrillo
648,2213,Rosa Paul,rosa.paul@bien.com,Rosa,Paul
649,5188,Marliese Oneal,marliese.oneal@gmail.com,Marliese,Oneal
650,3418,Bethany Hartmann,bethany.hartmann@yahoo.com,Bethany,Hartmann
651,5637,Irina Martineau,irina.martineau@gmail.com,Irina,Martineau
652,3530,Beatriz Moulin,beatriz.moulin@pinto.com,Beatriz,Moulin
653,3731,Lucas Austin,lucas.austin@gmail.com,Lucas,Austin
654,3219,Carole Nohlmans,carole.nohlmans@yahoo.com,Carole,Nohlmans
655,2392,Bozena Schmitt,bozena.schmitt@vallet.com,Bozena,Schmitt
656,5103,Aimee Foconi,aimee.foconi@outlook.com,Aimee,Foconi
657,3992,Marzena Carrero,marzena.carrero@roskoth.de,Marzena,Carrero
658,2442,Raisa Poulain,raisa.poulain@fastwebnet.it,Raisa,Poulain
659,2913,Marcantonio Bennett,marcantonio.bennett@hopkins.com.au,Marcantonio,Bennett
660,1631,Kenneth Hurst,kenneth.hurst@meunier.net,Kenneth,Hurst
661,4073,Marisela Mende,marisela.mende@godoy-enriquez.com,Marisela,Mende
662,4568,Blanka Villareal,blanka.villareal@monduzzi.net,Blanka,Villareal
663,1830,Tomislav Stoppani,tomislav.stoppani@corporacin.org,Tomislav,Stoppani
664,2623,Krystal Ammaniti,krystal.ammaniti@barbier.fr,Krystal,Ammaniti
665,4327,Deanna Aporti,deanna.aporti@bouygtel.fr,Deanna,Aporti
666,3713,Donatella Burns,donatella.burns@yahoo.de,Donatella,Burns
667,2389,Margrit Hooper,margrit.hooper@douglas.com,Margrit,Hooper
668,5141,Baccio Marcacci,baccio.marcacci@laposte.net,Baccio,Marcacci
669,3522,Alfio Roman,alfio.roman@hotmail.co.uk,Alfio,Roman
670,1334,Soledad Soto,soledad.soto@hotmail.de,Soledad,Soto
671,4721,Josh Cimarosa,josh.cimarosa@hotmail.com,Josh,Cimarosa
672,3768,Nath Rico,nath.rico@yahoo.com,Nath,Rico
673,1639,Gary Armani,gary.armani@web.de,Gary,Armani
674,5149,Miriam Oquendo,miriam.oquendo@smith-watson.biz,Miriam,Oquendo
675,2153,Monica Mohaupt,monica.mohaupt@live.com,Monica,Mohaupt
676,2767,Alec Ho,alec.ho@parra-esparza.com,Alec,Ho
677,5124,Harry Fouquet,harry.fouquet@ibarra-cooper.com,Harry,Fouquet
678,2097,Arcelia Babati,arcelia.babati@orange.fr,Arcelia,Babati
679,4796,Trinidad Vespa,trinidad.vespa@gmail.com,Trinidad,Vespa
680,5849,Colette Ryan,colette.ryan@hotmail.com,Colette,Ryan
681,1495,Richard Andre,richard.andre@porras.org,Richard,Andre
682,2462,Ellinor Leclercq,ellinor.leclercq@gmail.com,Ellinor,Leclercq
683,2280,Patricio Guillon,patricio.guillon@web.de,Patricio,Guillon
684,1877,Kirsten Chindamo,kirsten.chindamo@carrillo-wall.com,Kirsten,Chindamo
685,6108,Leo Petruzzi,leo.petruzzi@yahoo.com,Leo,Petruzzi
686,4427,Margot Tomaselli,margot.tomaselli@junck.org,Margot,Tomaselli
687,2881,Ansaldo Marks,ansaldo.marks@patel-odonnell.com,Ansaldo,Marks
688,2339,Regina Morin,regina.morin@barcaccia.net,Regina,Morin
689,5156,Karla Medici,karla.medici@yahoo.com,Karla,Medici
690,4750,Morgan Irizarry,morgan.irizarry@williams-harris.biz,Morgan,Irizarry
691,4852,Natividad Wong,natividad.wong@hoevel.com,Natividad,Wong
692,5734,Anna Freeman,anna.freeman@snyder.net,Anna,Freeman
693,3801,Emilia Vivaldi,emilia.vivaldi@garnier.fr,Emilia,Vivaldi
694,4474,Gerda Cook,gerda.cook@tin.it,Gerda,Cook
695,1992,Andrey Faure,andrey.faure@frederick-mitchell.info,Andrey,Faure
696,5796,Charlotte Duke,charlotte.duke@ochoa.org,Charlotte,Duke
697,1373,Cindy Castillo,cindy.castillo@virgilio.it,Cindy,Castillo
698,1879,Hiltrud Thibault,hiltrud.thibault@barbe.com,Hiltrud,Thibault
699,3072,Kasimir Jaime,kasimir.jaime@gmail.com,Kasimir,Jaime
700,4561,Sabine Lachmann,sabine.lachmann@phillips.org,Sabine,Lachmann
701,5201,Andrea Arroyo,andrea.arroyo@yahoo.com.au,Andrea,Arroyo
702,5871,Matthew Velasquez,matthew.velasquez@gmail.com,Matthew,Velasquez
703,3041,Severino Linares,severino.linares@angeli.com,Severino,Linares
704,5864,Swantje Lomeli,swantje.lomeli@gmx.de,Swantje,Lomeli
705,3999,Marcus Espino,marcus.espino@comolli.eu,Marcus,Espino
706,4849,Allen Gates,allen.gates@gmail.com,Allen,Gates
707,5461,Mauricio Saunders,mauricio.saunders@hotmail.co.uk,Mauricio,Saunders
708,5946,Gilbert Cornejo,gilbert.cornejo@hotmail.com,Gilbert,Cornejo
709,4508,Letizia Gulotta,letizia.gulotta@howard.biz,Letizia,Gulotta
710,5096,Etta Gutknecht,etta.gutknecht@leconte.net,Etta,Gutknecht
711,5443,Shelley Perry,shelley.perry@gierschner.de,Shelley,Perry
712,2165,Geoffrey Williams,geoffrey.williams@poste.it,Geoffrey,Williams
713,2125,Cory Stewart,cory.stewart@voila.fr,Cory,Stewart
714,6141,Kristy Bartlett,kristy.bartlett@outlook.com,Kristy,Bartlett
715,5245,Gianluca Beck,gianluca.beck@green.biz,Gianluca,Beck
716,2190,Guido Krein,guido.krein@gmail.com,Guido,Krein
717,2243,Leif Monnier,leif.monnier@querini.it,Leif,Monnier
718,3336,Jonas Badoer,jonas.badoer@kennedy.biz,Jonas,Badoer
719,3305,Devin Ebert,devin.ebert@yahoo.fr,Devin,Ebert
720,6191,Slobodan Camiscione,slobodan.camiscione@hotmail.com,Slobodan,Camiscione
721,1326,Volkmar Gauthier,volkmar.gauthier@hotmail.com,Volkmar,Gauthier
722,6159,Jordan Rowe,jordan.rowe@outlook.com,Jordan,Rowe
723,2003,Manon Daugherty,manon.daugherty@segre.com,Manon,Daugherty
724,5881,Estela Segovia,estela.segovia@vodafone.it,Estela,Segovia
725,1918,Giada Celentano,giada.celentano@evans.net,Giada,Celentano
726,2157,Clayton Salcedo,clayton.salcedo@hotmail.co.uk,Clayton,Salcedo
727,3149,Raven Pinto,raven.pinto@hotmail.com,Raven,Pinto
728,2444,Lewis Lewis,lewis.lewis@pisano.net,Lewis,Lewis
729,6207,Rochus Rousseau,rochus.rousseau@nguyen.com,Rochus,Rousseau
730,5580,Belinda Gamez,belinda.gamez@leleu.com,Belinda,Gamez
731,5942,Angelo Lozano,angelo.lozano@macias.com,Angelo,Lozano
732,1592,Jorge Monti,jorge.monti@clement.fr,Jorge,Monti
733,2344,Ricky Harrell,ricky.harrell@martin.edu,Ricky,Harrell
734,5995,Adriano Wulf,adriano.wulf@schmidtke.net,Adriano,Wulf
735,5022,Pompeo Bourdon,pompeo.bourdon@gmail.com,Pompeo,Bourdon
736,5991,Kristie Garrett,kristie.garrett@wernecke.com,Kristie,Garrett
737,4020,Lodovico Conley,lodovico.conley@yahoo.com,Lodovico,Conley
738,6028,Jean Berthelot,jean.berthelot@oscuro.it,Jean,Berthelot
739,2790,Tadeusz Medina,tadeusz.medina@jackson-clark.net,Tadeusz,Medina
740,4033,Ruby Carriera,ruby.carriera@hotmail.it,Ruby,Carriera
741,1261,Theres Antonioni,theres.antonioni@hotmail.com,Theres,Antonioni
742,1979,Gloria Morton,gloria.morton@outlook.com,Gloria,Morton
743,2122,Graziano Jensen,graziano.jensen@gmail.com,Graziano,Jensen
744,4506,Gianpaolo Massey,gianpaolo.massey@bouvier.com,Gianpaolo,Massey
745,3016,Alain Farmer,alain.farmer@hotmail.it,Alain,Farmer
746,3272,Renato Murillo,renato.murillo@club.com,Renato,Murillo
747,1375,Edda Ferraris,edda.ferraris@libero.it,Edda,Ferraris
748,4014,Luce Marty,luce.marty@waehner.org,Luce,Marty
749,3199,Rotraud Mitchell,rotraud.mitchell@laboratorios.com,Rotraud,Mitchell
750,2184,Israel Watkins,israel.watkins@hotmail.com,Israel,Watkins
751,2170,Nathan Jennings,nathan.jennings@kim.com,Nathan,Jennings
752,1478,Gavin Proietti,gavin.proietti@gmx.de,Gavin,Proietti
753,6163,Emma Rios,emma.rios@yahoo.com.au,Emma,Rios
754,1889,Todd Douglas,todd.douglas@web.de,Todd,Douglas
755,5912,Oscar Holsten,oscar.holsten@yahoo.com,Oscar,Holsten
756,2537,Ann Peron,ann.peron@grupo.biz,Ann,Peron
757,2118,Senta Grassi,senta.grassi@hotmail.com,Senta,Grassi
758,3234,Kata Mena,kata.mena@gmail.com,Kata,Mena
759,3842,Gianfranco Hethur,gianfranco.hethur@stewart-lee.com.au,Gianfranco,Hethur
760,3032,Florentine Saraceno,florentine.saraceno@gmail.com,Florentine,Saraceno
761,3238,Giuliano Bolzmann,giuliano.bolzmann@pacillo.it,Giuliano,Bolzmann
762,2059,Alwine Kostolzin,alwine.kostolzin@holloway.com,Alwine,Kostolzin
763,5238,Giacinto Briggs,giacinto.briggs@yahoo.co.uk,Giacinto,Briggs
764,2578,Holly Negrete,holly.negrete@hotmail.com,Holly,Negrete
765,4789,Mark Trapanese,mark.trapanese@gmail.com,Mark,Trapanese
766,2357,Alyssa Brun,alyssa.brun@chittolini-spadafora.it,Alyssa,Brun
767,1235,Cristina Chevalier,cristina.chevalier@proyectos.com,Cristina,Chevalier
768,3558,Shannon Lefevre,shannon.lefevre@gmail.com,Shannon,Lefevre
769,1707,Logan Hornich,logan.hornich@tin.it,Logan,Hornich
770,2842,Rosalia Toro,rosalia.toro@free.fr,Rosalia,Toro
771,5318,Reiner Poerio,reiner.poerio@yahoo.com,Reiner,Poerio
772,1620,Valentina Pages,valentina.pages@hotmail.de,Valentina,Pages
773,4998,Enrico Fabre,enrico.fabre@gmail.com,Enrico,Fabre
774,3111,Sevim Begue,sevim.begue@yahoo.com.au,Sevim,Begue
775,1424,Sonja Patberg,sonja.patberg@hotmail.com,Sonja,Patberg
776,3244,Christine Hiller,christine.hiller@yahoo.com,Christine,Hiller
777,4643,Maik Beasley,maik.beasley@harper-brooks.biz,Maik,Beasley
778,6132,Elliot Santana,elliot.santana@gmx.de,Elliot,Santana
779,3790,Eloy Renzi,eloy.renzi@gmail.com,Eloy,Renzi
780,1312,Wolf Lutz,wolf.lutz@nichols-jackson.com.au,Wolf,Lutz
781,5686,Giuseppe Lee,giuseppe.lee@mahe.org,Giuseppe,Lee
782,2111,Angelica Cuellar,angelica.cuellar@zaguri-bellucci.net,Angelica,Cuellar
783,5685,Bekir Normand,bekir.normand@yahoo.de,Bekir,Normand
784,1905,Carmine Gonzales,carmine.gonzales@schleich.net,Carmine,Gonzales
785,3271,Marianne Hubert,marianne.hubert@hotmail.com,Marianne,Hubert
786,4178,Gonzalo Montes,gonzalo.montes@hotmail.com,Gonzalo,Montes
787,3275,Shelly Guichard,shelly.guichard@gmail.com,Shelly,Guichard
788,5713,Tobias Carbajal,tobias.carbajal@live.com,Tobias,Carbajal
789,3339,Santiago Berry,santiago.berry@aol.de,Santiago,Berry
790,5585,Emilio Davenport,emilio.davenport@zamora-russo.net,Emilio,Davenport
791,4407,Maurizio Gute,maurizio.gute@knight.info,Maurizio,Gute
792,1941,Nadia Travaglio,nadia.travaglio@colletti-broggini.com,Nadia,Travaglio
793,4690,Elisa Barkholz,elisa.barkholz@sfr.fr,Elisa,Barkholz
794,3607,Cristal Mazzini,cristal.mazzini@gmail.com,Cristal,Mazzini
795,2670,Trevor Granados,trevor.granados@gmail.com,Trevor,Granados
796,5261,Matthieu Mcdonald,matthieu.mcdonald@morrison.org,Matthieu,Mcdonald
797,4121,Juliette Preston,juliette.preston@gmail.com,Juliette,Preston
798,4620,Stanislaw Montalvo,stanislaw.montalvo@mcpherson-hughes.info,Stanislaw,Montalvo
799,4630,Lilia Lollobrigida,lilia.lollobrigida@le.com,Lilia,Lollobrigida
800,3440,Brigitta Shaw,brigitta.shaw@hotmail.co.uk,Brigitta,Shaw
801,3572,Rebeca Frey,rebeca.frey@gerard.fr,Rebeca,Frey
802,5306,Nicolas Palacios,nicolas.palacios@meraz.com,Nicolas,Palacios
803,5122,Susanna Bonneau,susanna.bonneau@klingelhoefer.de,Susanna,Bonneau
804,1368,Romina Valentine,romina.valentine@hotmail.com,Romina,Valentine
805,5370,Erika Toussaint,erika.toussaint@sfr.fr,Erika,Toussaint
806,5636,Lothar Laurent,lothar.laurent@garcia.com.au,Lothar,Laurent
807,6033,Chelsea Verdugo,chelsea.verdugo@campbell.com,Chelsea,Verdugo
808,3599,Ria Venier,ria.venier@murillo-estevez.com,Ria,Venier
809,5566,Carly Summers,carly.summers@yahoo.co.uk,Carly,Summers
810,1873,Pasquale Tomasini,pasquale.tomasini@hotmail.co.uk,Pasquale,Tomasini
811,3904,Stefani Ughi,stefani.ughi@hotmail.it,Stefani,Ughi
812,4453,Jose Huang,jose.huang@gmx.de,Jose,Huang
813,5481,Petros Gaona,petros.gaona@googlemail.com,Petros,Gaona
814,2987,Maximilian Siering,maximilian.siering@gaito-fornaciari.org,Maximilian,Siering
815,2431,Ermenegildo Holzapfel,ermenegildo.holzapfel@aol.de,Ermenegildo,Holzapfel
816,4158,Damien Leger,damien.leger@dixon.biz,Damien,Leger
817,3753,Zeferino Barrera,zeferino.barrera@zedillo-velazquez.com,Zeferino,Barrera
818,4391,Alfred Pohl,alfred.pohl@fechner.net,Alfred,Pohl
819,2026,Marissa Gaito,marissa.gaito@reed-campbell.edu,Marissa,Gaito
820,4547,Ariana Houston,ariana.houston@hotmail.it,Ariana,Houston
821,2798,Victor Jacobs,victor.jacobs@young.com,Victor,Jacobs
822,4732,Henriette Lang,henriette.lang@mimun.it,Henriette,Lang
823,5126,Wilfriede Baca,wilfriede.baca@caraballo.com,Wilfriede,Baca
824,5151,Lucia Riviere,lucia.riviere@samaniego.biz,Lucia,Riviere
825,2134,Gordon Vigorelli,gordon.vigorelli@solano.com,Gordon,Vigorelli
826,5786,Diethard Salgado,diethard.salgado@gmail.com,Diethard,Salgado
827,5515,Sue Corrales,sue.corrales@cardenas-serna.org,Sue,Corrales
828,4530,Arthur Salazar,arthur.salazar@yahoo.com.au,Arthur,Salazar
829,4088,Fortunata Schneider,fortunata.schneider@tiscali.it,Fortunata,Schneider
830,3667,Gretchen Serna,gretchen.serna@pichon.org,Gretchen,Serna
831,3286,Egon Caron,egon.caron@hotmail.com,Egon,Caron
832,4804,Roberta Finzi,roberta.finzi@knight-davies.co.uk,Roberta,Finzi
833,5768,Editha Savage,editha.savage@davies.co.uk,Editha,Savage
834,6098,Allan Emanuelli,allan.emanuelli@fernandes.org,Allan,Emanuelli
835,2508,Laurence Lucero,laurence.lucero@martin.org,Laurence,Lucero
836,5779,Istvan Draghi,istvan.draghi@ifrance.com,Istvan,Draghi
837,1717,Luigi Bonnet,luigi.bonnet@carriera-federico.it,Luigi,Bonnet
838,3368,Yuridia Fantozzi,yuridia.fantozzi@mcdonald.com,Yuridia,Fantozzi
839,4265,Eraldo Schmiedt,eraldo.schmiedt@hotmail.de,Eraldo,Schmiedt
840,4455,Antoinette Cox,antoinette.cox@bustamante.com,Antoinette,Cox
841,2940,Cameron Ocampo,cameron.ocampo@hotmail.com.au,Cameron,Ocampo
842,6144,Lynn Lawson,lynn.lawson@leclercq.com,Lynn,Lawson
843,3657,Natalia Seifert,natalia.seifert@ifrance.com,Natalia,Seifert
844,1537,Nuray Anguillara,nuray.anguillara@yahoo.co.uk,Nuray,Anguillara
845,2116,Beate Morgan,beate.morgan@gmail.com,Beate,Morgan
846,5102,Mario Rees,mario.rees@gmx.de,Mario,Rees
847,5815,Galasso Junken,galasso.junken@yahoo.co.uk,Galasso,Junken
848,4250,Luca Moses,luca.moses@franke.de,Luca,Moses
849,4533,Aurelio Gertz,aurelio.gertz@hewitt.net,Aurelio,Gertz
850,3329,Uberto Steele,uberto.steele@outlook.com,Uberto,Steele
851,3606,Annie Hunter,annie.hunter@allen.co.uk,Annie,Hunter
852,4749,Jo Mccarty,jo.mccarty@hotmail.com,Jo,Mccarty
853,2222,Eitel Lombard,eitel.lombard@thomas.net,Eitel,Lombard
854,1939,Susan Vigliotti,susan.vigliotti@yahoo.co.uk,Susan,Vigliotti
855,2456,Jacqueline Germano,jacqueline.germano@valette.fr,Jacqueline,Germano
856,2794,Fidel Ruppert,fidel.ruppert@yahoo.co.uk,Fidel,Ruppert
857,2648,Margaret Eigenwillig,margaret.eigenwillig@yahoo.com,Margaret,Eigenwillig
858,2545,Yvette Harding,yvette.harding@yahoo.co.uk,Yvette,Harding
859,3273,Federigo Karge,federigo.karge@bohlander.com,Federigo,Karge
860,6155,Guenther Armenta,guenther.armenta@free.fr,Guenther,Armenta
861,6064,Coriolano Higgins,coriolano.higgins@murphy.org.au,Coriolano,Higgins
862,1729,Felix Rubio,felix.rubio@ebert.de,Felix,Rubio
863,4969,Melanie Leveque,melanie.leveque@fleury.net,Melanie,Leveque
864,3402,Abbie Galeati,abbie.galeati@ubaldi.it,Abbie,Galeati
865,2810,Vittorio Caccioppoli,vittorio.caccioppoli@yahoo.com,Vittorio,Caccioppoli
866,2217,Biagio Valenzuela,biagio.valenzuela@robinson.info,Biagio,Valenzuela
867,5140,Dario Green,dario.green@live.com,Dario,Green
868,4497,Alwina Textor,alwina.textor@poste.it,Alwina,Textor
869,5100,Diether Baeza,diether.baeza@grupo.biz,Diether,Baeza
870,3390,Sole Trevino,sole.trevino@hotmail.com,Sole,Trevino
871,1926,Darren Bernardi,darren.bernardi@brooks-martin.com,Darren,Bernardi
872,3264,Martina Heser,martina.heser@morellato.it,Martina,Heser
873,2573,Bethan Giacometti,bethan.giacometti@gmail.com,Bethan,Giacometti
874,3628,Ethan Duhamel,ethan.duhamel@sfr.fr,Ethan,Duhamel
875,3826,Corrado Warren,corrado.warren@hotmail.com.au,Corrado,Warren
876,5983,Damian Pulido,damian.pulido@yahoo.de,Damian,Pulido
877,5678,Dino Osborne,dino.osborne@despacho.com,Dino,Osborne
878,2093,Nicolaus Bernetti,nicolaus.bernetti@aol.de,Nicolaus,Bernetti
879,5333,Gianna Carroll,gianna.carroll@perez.com,Gianna,Carroll
880,5139,Grit Knight,grit.knight@web.de,Grit,Knight
881,3173,Erin Weinhold,erin.weinhold@hotmail.fr,Erin,Weinhold
882,3333,Craig Jordan,craig.jordan@gmail.com,Craig,Jordan
883,2262,Homero Respighi,homero.respighi@gmail.com,Homero,Respighi
884,1531,Fanny Pertile,fanny.pertile@gmail.com,Fanny,Pertile
885,4881,Fridolin Comboni,fridolin.comboni@graf.com,Fridolin,Comboni
886,3928,Hugh Cantu,hugh.cantu@libero.it,Hugh,Cantu
887,1803,Alphons Simmons,alphons.simmons@hotmail.com,Alphons,Simmons
888,2321,Ludovico Cafarchia,ludovico.cafarchia@gmail.com,Ludovico,Cafarchia
889,6234,Nico Kaiser,nico.kaiser@almonte.com,Nico,Kaiser
890,1422,Kirsty Lamy,kirsty.lamy@alonzi.it,Kirsty,Lamy
891,2660,Joshua Scheibe,joshua.scheibe@turci.org,Joshua,Scheibe
892,5361,Carin Pineau,carin.pineau@yahoo.com,Carin,Pineau
893,3420,Ellie Galarza,ellie.galarza@pareto-cattaneo.net,Ellie,Galarza
894,4337,Marion Lira,marion.lira@ifrance.com,Marion,Lira
895,2338,Aurelia Angiolello,aurelia.angiolello@lord.com,Aurelia,Angiolello
896,4140,Maura Ravaglioli,maura.ravaglioli@yahoo.com,Maura,Ravaglioli
897,2373,Brunhilde Fletcher,brunhilde.fletcher@schomber.de,Brunhilde,Fletcher
898,1344,Ottfried Marques,ottfried.marques@tyler-watson.info,Ottfried,Marques
899,2141,Christelle Blasi,christelle.blasi@morris-chan.com,Christelle,Blasi
900,3415,Augusto Vercelloni,augusto.vercelloni@club-internet.fr,Augusto,Vercelloni
901,5696,Michela Pruvost,michela.pruvost@holt.co.uk,Michela,Pruvost
902,1798,Guarino Escalante,guarino.escalante@hotmail.com,Guarino,Escalante
903,1657,Gabriela Padilla,gabriela.padilla@pearson-russell.com,Gabriela,Padilla
904,3651,Agathe Dias,agathe.dias@jackson.com,Agathe,Dias
905,3574,Werner Kallert,werner.kallert@gmail.com,Werner,Kallert
906,6063,Lore Delaunay,lore.delaunay@yahoo.com,Lore,Delaunay
907,2404,Enzio Campos,enzio.campos@tim.it,Enzio,Campos
908,2705,Walther Duarte,walther.duarte@web.de,Walther,Duarte
909,5059,Adelgunde Trevisan,adelgunde.trevisan@gmail.com,Adelgunde,Trevisan
910,5466,Thierry Schwartz,thierry.schwartz@travaglio.net,Thierry,Schwartz
911,5821,Katie Andersen,katie.andersen@haney.com.au,Katie,Andersen
912,5385,Kathy Zamorani,kathy.zamorani@hotmail.com,Kathy,Zamorani
913,3506,Giuseppina Tanguy,giuseppina.tanguy@wanadoo.fr,Giuseppina,Tanguy
914,5427,Jack Klapp,jack.klapp@hotmail.com.au,Jack,Klapp
915,6142,Tom Leconte,tom.leconte@woods-johnson.com,Tom,Leconte
916,2873,Bonnie Cignaroli,bonnie.cignaroli@yahoo.com,Bonnie,Cignaroli
917,3916,Danny Farrell,danny.farrell@hotmail.com,Danny,Farrell
918,1687,Fiorenzo Bauer,fiorenzo.bauer@gmail.com,Fiorenzo,Bauer
919,1542,Randy Alfieri,randy.alfieri@verri.org,Randy,Alfieri
920,3087,Tim Bradley,tim.bradley@schlosser.de,Tim,Bradley
921,3857,Yves Mendez,yves.mendez@gmail.com,Yves,Mendez
922,5921,Raffaella Esquivel,raffaella.esquivel@gmail.com,Raffaella,Esquivel
923,3144,Lawrence Vasari,lawrence.vasari@castillo.edu,Lawrence,Vasari
924,2676,Sam Adams,sam.adams@yahoo.com,Sam,Adams
925,3646,Mirco Nicolini,mirco.nicolini@blin.net,Mirco,Nicolini
926,1321,Graham Bajardi,graham.bajardi@yahoo.com,Graham,Bajardi
927,1399,Luc Quinn,luc.quinn@walker.com,Luc,Quinn
928,3169,Stella Ullrich,stella.ullrich@hotmail.com.au,Stella,Ullrich
929,2058,Calcedonio Remy,calcedonio.remy@edwards-benton.com,Calcedonio,Remy
930,1300,Nanni Almaraz,nanni.almaraz@martin.com,Nanni,Almaraz
931,2075,Pascual Corradi,pascual.corradi@lopez.net.au,Pascual,Corradi
932,2984,Kristi Grant,kristi.grant@yahoo.co.uk,Kristi,Grant
933,4768,Manuel Gracia,manuel.gracia@trussardi.eu,Manuel,Gracia
934,3682,Gionata Hussain,gionata.hussain@yahoo.com,Gionata,Hussain
935,5901,Maria Nguyen,maria.nguyen@hernadez.com,Maria,Nguyen
936,3540,Leon Baker,leon.baker@hotmail.com,Leon,Baker
937,2225,Gianmarco Alcaraz,gianmarco.alcaraz@zacchia.net,Gianmarco,Alcaraz
938,1485,Derrick Little,derrick.little@small.org,Derrick,Little
939,5343,Terry Ramirez,terry.ramirez@hotmail.co.uk,Terry,Ramirez
940,5594,Katarina Clarke,katarina.clarke@hotmail.com.au,Katarina,Clarke
941,2482,Leila Washington,leila.washington@gmail.com,Leila,Washington
942,2706,Mirko Townsend,mirko.townsend@schmitt.com,Mirko,Townsend
943,4861,Randall Connolly,randall.connolly@jovinelli-castelli.com,Randall,Connolly
944,2961,Pia Burgess,pia.burgess@proyectos.org,Pia,Burgess
945,3043,Justine Mancini,justine.mancini@tiscali.it,Justine,Mancini
946,6103,Reynaldo Wagenknecht,reynaldo.wagenknecht@faure.com,Reynaldo,Wagenknecht
947,4708,Toni Magrassi,toni.magrassi@gmail.com,Toni,Magrassi
948,4395,Patrizio Cisneros,patrizio.cisneros@martinez.edu.au,Patrizio,Cisneros
949,4912,Durante Lindner,durante.lindner@picard.fr,Durante,Lindner
950,2030,Rosl Lamborghini,rosl.lamborghini@hiller.net,Rosl,Lamborghini
951,5235,Ugo Harrison,ugo.harrison@morley-chapman.co.uk,Ugo,Harrison
952,5001,Isidor Carpenter,isidor.carpenter@chauvin.com,Isidor,Carpenter
953,4093,Marie Zoppetto,marie.zoppetto@kallert.de,Marie,Zoppetto
954,2576,Branko Chambers,branko.chambers@ifrance.com,Branko,Chambers
955,6122,Alan Pineda,alan.pineda@proyectos.info,Alan,Pineda
956,2813,Carmen Oestrovsky,carmen.oestrovsky@gmail.com,Carmen,Oestrovsky
957,3737,Shane Fernandez,shane.fernandez@hotmail.de,Shane,Fernandez
958,2803,Debbie Guilbert,debbie.guilbert@berg.edu,Debbie,Guilbert
959,5508,Vito Dossi,vito.dossi@hotmail.co.uk,Vito,Dossi
960,3850,Evan Schacht,evan.schacht@price.com,Evan,Schacht
961,4220,Mandy Weston,mandy.weston@free.fr,Mandy,Weston
962,4532,Paulo Zito,paulo.zito@nelson.biz,Paulo,Zito
963,6013,Alberto Girschner,alberto.girschner@laboratorios.com,Alberto,Girschner
964,3396,Giacomo Bouvet,giacomo.bouvet@gmail.com,Giacomo,Bouvet
965,4401,Ehrentraud Puga,ehrentraud.puga@laboratorios.com,Ehrentraud,Puga
966,2981,Cristian Hale,cristian.hale@hotmail.co.uk,Cristian,Hale
967,4467,Lilija Charles,lilija.charles@gmail.com,Lilija,Charles
968,1377,Albert Legendre,albert.legendre@lee.com,Albert,Legendre
969,5036,Marisa Renaud,marisa.renaud@smith.org,Marisa,Renaud
970,5761,Sharon Diallo,sharon.diallo@gmail.com,Sharon,Diallo
971,3699,Eduardo Delattre,eduardo.delattre@lynch.net.au,Eduardo,Delattre
972,4519,Bernadette Wang,bernadette.wang@gmail.com,Bernadette,Wang
973,5395,Dina Gibbons,dina.gibbons@brewer.net,Dina,Gibbons
974,3057,Clara Armstrong,clara.armstrong@vodafone.it,Clara,Armstrong
975,2741,Elliott Herrmann,elliott.herrmann@hotmail.com.au,Elliott,Herrmann
976,1675,Graziella Vidal,graziella.vidal@hotmail.com,Graziella,Vidal
977,2712,Francisca Becerra,francisca.becerra@young.com.au,Francisca,Becerra
978,4527,Edeltrud Boyer,edeltrud.boyer@outlook.com,Edeltrud,Boyer
979,1722,Julian Noble,julian.noble@hill.org.au,Julian,Noble
980,4330,Christophe Bohnbach,christophe.bohnbach@ifrance.com,Christophe,Bohnbach
981,5219,Ippazio Angulo,ippazio.angulo@yahoo.com,Ippazio,Angulo
982,4997,Grace Kroker,grace.kroker@hotmail.com,Grace,Kroker
983,2239,Jared Ferguson,jared.ferguson@roberts.com,Jared,Ferguson
984,4587,Virginie McLean,virginie.mclean@yahoo.com,Virginie,McLean
985,4113,Mason Potter,mason.potter@gmail.com,Mason,Potter
986,4762,Aaron Anaya,aaron.anaya@hotmail.com.au,Aaron,Anaya
987,5242,Leah Ornelas,leah.ornelas@gmail.com,Leah,Ornelas
988,5765,Harald Roy,harald.roy@web.de,Harald,Roy
989,2185,Micaela Martel,micaela.martel@hotmail.com,Micaela,Martel
990,5500,Vincentio Sanders,vincentio.sanders@voila.fr,Vincentio,Sanders
991,3494,Bettina Norbiato,bettina.norbiato@allen-lutz.org,Bettina,Norbiato
992,3924,Julio Renner,julio.renner@industrias.net,Julio,Renner
993,3521,Jelena Stiffel,jelena.stiffel@trupp.de,Jelena,Stiffel
994,5262,Guadalupe Munoz,guadalupe.munoz@murray-hamilton.com.au,Guadalupe,Munoz
995,3684,Whitney Noack,whitney.noack@laboratorios.org,Whitney,Noack
996,5784,Gelsomina Migliaccio,gelsomina.migliaccio@junk.com,Gelsomina,Migliaccio
997,1498,Evangelista Pereira,evangelista.pereira@thompson-peterson.biz,Evangelista,Pereira
998,6073,Gareth Comolli,gareth.comolli@tiscali.fr,Gareth,Comolli
999,4939,Michelangelo Hess,michelangelo.hess@bouygtel.fr,Michelangelo,Hess
